TubeNo,i5,Index i5,Primer i5,i7,Index i7,Primer i7
H9,C1,CGCAATGT,iTru5_13_C,B1,AAGTCCGT,iTru7_302_01
H10,C2,AACAAGGC,iTru5_14_C,B1,AAGTCCGT,iTru7_302_01
H12,C3,ACCATGTC,iTru5_15_C,B1,AAGTCCGT,iTru7_302_01
H13,C4,AATCCAGC,iTru5_16_C,B1,AAGTCCGT,iTru7_302_01
H14,C1,CGCAATGT,iTru5_13_C,B2,TAGCGTCT,iTru7_302_02
H15,C2,AACAAGGC,iTru5_14_C,B2,TAGCGTCT,iTru7_302_02
H16,C3,ACCATGTC,iTru5_15_C,B2,TAGCGTCT,iTru7_302_02
H17,C4,AATCCAGC,iTru5_16_C,B2,TAGCGTCT,iTru7_302_02
H18,C1,CGCAATGT,iTru5_13_C,B3,TGACGCAT,iTru7_302_03
H19,C2,AACAAGGC,iTru5_14_C,B3,TGACGCAT,iTru7_302_03
H20,C3,ACCATGTC,iTru5_15_C,B3,TGACGCAT,iTru7_302_03
H21,C4,AATCCAGC,iTru5_16_C,B3,TGACGCAT,iTru7_302_03
H22,C1,CGCAATGT,iTru5_13_C,B4,AGCGTGTT,iTru7_302_04
H23,C2,AACAAGGC,iTru5_14_C,B4,AGCGTGTT,iTru7_302_04
H24,C3,ACCATGTC,iTru5_15_C,B4,AGCGTGTT,iTru7_302_04
H25,C4,AATCCAGC,iTru5_16_C,B4,AGCGTGTT,iTru7_302_04
H26,C5,TTGCAACG,iTru5_17_C,B5,TGCACCAA,iTru7_302_05
H27,C6,ACCTTCGA,iTru5_18_C,B5,TGCACCAA,iTru7_302_05
H28,C7,CATACGGA,iTru5_19_C,B5,TGCACCAA,iTru7_302_05
H29,C8,GACCGATA,iTru5_20_C,B5,TGCACCAA,iTru7_302_05
H30,C5,TTGCAACG,iTru5_17_C,B6,ATCACACG,iTru7_302_06
H31,C6,ACCTTCGA,iTru5_18_C,B6,ATCACACG,iTru7_302_06
H32,C7,CATACGGA,iTru5_19_C,B6,ATCACACG,iTru7_302_06
H33,C8,GACCGATA,iTru5_20_C,B6,ATCACACG,iTru7_302_06
H34,C5,TTGCAACG,iTru5_17_C,B7,ATGCCTGT,iTru7_302_07
H35,C6,ACCTTCGA,iTru5_18_C,B7,ATGCCTGT,iTru7_302_07
H36,C7,CATACGGA,iTru5_19_C,B7,ATGCCTGT,iTru7_302_07
H37,C8,GACCGATA,iTru5_20_C,B7,ATGCCTGT,iTru7_302_07
H38,C5,TTGCAACG,iTru5_17_C,B8,ACCTGACT,iTru7_302_08
H39,C6,ACCTTCGA,iTru5_18_C,B8,ACCTGACT,iTru7_302_08
H40,C7,CATACGGA,iTru5_19_C,B8,ACCTGACT,iTru7_302_08
H41,C8,GACCGATA,iTru5_20_C,B8,ACCTGACT,iTru7_302_08
H42,C5,TTGCAACG,iTru5_17_C,B9,GCTTCGAA,iTru7_302_09
